null_state_start,1697684568.572629,null_state
null_state_end,1697684630.134957,null_state
null_to_cold_process_start,1697684630.1424186,null_to_cold_process
null_to_cold_process_end,1697684632.33027,null_to_cold_process
cold_state_start,1697684647.3442183,cold_state
cold_state_end,1697684708.826039,cold_state
cold_to_null_process_start,1697684708.8260427,cold_to_null_process
cold_to_null_process_end,1697684709.0585942,cold_to_null_process
warm_disk_state_start,1697684789.2577443,warm_disk_state
warm_disk_state_end,1697684850.7029321,warm_disk_state
warm_disk_to_warm_CPU_process_start,1697684850.7103,warm_disk_to_warm_CPU_process
warm_disk_to_warm_CPU_process_end,1697684862.0630283,warm_disk_to_warm_CPU_process
warm_CPU_state_start,1697684882.0797777,warm_CPU_state
warm_CPU_state_end,1697684944.8486664,warm_CPU_state
active_state_start,1697684975.2282844,active_state
active_state_end,1697685037.9304986,active_state
warm_CPU_to_warm_disk_process_start,1697685245.9218307,warm_CPU_to_warm_disk_process
warm_CPU_to_warm_disk_process_end,1697685277.563556,warm_CPU_to_warm_disk_process
active_to_warm_disk_process_start,1697685309.9799616,active_to_warm_disk_process
active_to_warm_disk_process_end,1697685341.636405,active_to_warm_disk_process
