null_state_start,1697206392.643419,null_state
null_state_end,1697206454.2523968,null_state
null_to_cold_process_start,1697206454.2713127,null_to_cold_process
null_to_cold_process_end,1697206456.5040703,null_to_cold_process
cold_state_start,1697206471.516749,cold_state
cold_state_end,1697206533.113328,cold_state
cold_to_null_process_start,1697206533.1133597,cold_to_null_process
cold_to_null_process_end,1697206533.3430562,cold_to_null_process
warm_disk_state_start,1697206613.6971614,warm_disk_state
warm_disk_state_end,1697206675.2342606,warm_disk_state
warm_disk_to_warm_CPU_process_start,1697206675.2603931,warm_disk_to_warm_CPU_process
warm_disk_to_warm_CPU_process_end,1697206687.3485353,warm_disk_to_warm_CPU_process
warm_CPU_state_start,1697206707.3690176,warm_CPU_state
warm_CPU_state_end,1697206773.0825124,warm_CPU_state
active_state_start,1697206803.636972,active_state
active_state_end,1697206869.3516526,active_state
warm_CPU_to_warm_disk_process_start,1697207074.9368615,warm_CPU_to_warm_disk_process
warm_CPU_to_warm_disk_process_end,1697207106.968322,warm_CPU_to_warm_disk_process
active_to_warm_disk_process_start,1697207139.1408627,active_to_warm_disk_process
active_to_warm_disk_process_end,1697207174.2736893,active_to_warm_disk_process
