null_state_start,1689262551.6773326,null_state
null_state_end,1689262620.9968805,null_state
null_to_cold_process_start,1689262621.0422573,null_to_cold_process
null_to_cold_process_end,1689262623.846135,null_to_cold_process
cold_state_start,1689262638.8606224,cold_state
cold_state_end,1689262712.8226638,cold_state
cold_to_null_process_start,1689262712.8226683,cold_to_null_process
cold_to_null_process_end,1689262714.927345,cold_to_null_process
warm_disk_state_start,1689262845.8749373,warm_disk_state
warm_disk_state_end,1689262912.5052311,warm_disk_state
warm_disk_to_warm_CPU_process_start,1689262912.55283,warm_disk_to_warm_CPU_process
warm_disk_to_warm_CPU_process_end,1689262922.4834414,warm_disk_to_warm_CPU_process
warm_CPU_state_start,1689262942.5025976,warm_CPU_state
warm_CPU_state_end,1689263018.8092356,warm_CPU_state
active_state_start,1689263050.102327,active_state
active_state_end,1689263122.2095942,active_state
warm_CPU_to_warm_disk_process_start,1689263325.9352646,warm_CPU_to_warm_disk_process
warm_CPU_to_warm_disk_process_end,1689263357.0072513,warm_CPU_to_warm_disk_process
active_to_warm_disk_process_start,1689263384.2552705,active_to_warm_disk_process
active_to_warm_disk_process_end,1689263421.9605687,active_to_warm_disk_process
