null_state_start,1697181826.8378427,null_state
null_state_end,1697181888.4689279,null_state
null_to_cold_process_start,1697181888.4865952,null_to_cold_process
null_to_cold_process_end,1697181890.6874835,null_to_cold_process
cold_state_start,1697181905.6982465,cold_state
cold_state_end,1697181967.2260416,cold_state
cold_to_null_process_start,1697181967.2260807,cold_to_null_process
cold_to_null_process_end,1697181967.4539855,cold_to_null_process
warm_disk_state_start,1697182057.8583112,warm_disk_state
warm_disk_state_end,1697182119.4291787,warm_disk_state
warm_disk_to_warm_CPU_process_start,1697182119.4510205,warm_disk_to_warm_CPU_process
warm_disk_to_warm_CPU_process_end,1697182141.6671479,warm_disk_to_warm_CPU_process
warm_CPU_state_start,1697182161.6902952,warm_CPU_state
warm_CPU_state_end,1697182228.7094457,warm_CPU_state
active_state_start,1697182259.5424724,active_state
active_state_end,1697182326.3163614,active_state
warm_CPU_to_warm_disk_process_start,1697182528.847519,warm_CPU_to_warm_disk_process
warm_CPU_to_warm_disk_process_end,1697182563.2410083,warm_CPU_to_warm_disk_process
active_to_warm_disk_process_start,1697182606.6463358,active_to_warm_disk_process
active_to_warm_disk_process_end,1697182643.0459878,active_to_warm_disk_process
